{"noiseKey":{"private":{"type":"Buffer","data":"aIsJ20686z54266l84PZX6sz1nM93A3kf0OdMN2Y/Gc="},"public":{"type":"Buffer","data":"1So08O+5yg7QUlg3+4wIBNmhKRw9lgI3EzqdoXLEmEo="}},"signedIdentityKey":{"private":{"type":"Buffer","data":"MA1xCl1vJZWrhcDyoD3wuxf4NXRM2+9odC6+aB+ZI08="},"public":{"type":"Buffer","data":"wskCJ94VG5NkSjnEy7V+wSmI2j36JLUgSFtscWa7SBU="}},"signedPreKey":{"keyPair":{"private":{"type":"Buffer","data":"EAtdj3cW9xkRn7gRVMmQjGCHY6D8kgCHSMX678r8AlI="},"public":{"type":"Buffer","data":"14RuL99ryp2aMH3YGLMRmD5t77bBGukI+ngb1riQ62s="}},"signature":{"type":"Buffer","data":"fTbtMPdbnyelTN4a+neIoFHFx5HfqmNob5PvWKYqtJvGHKe60dmjEoJfg7qFMENQIpyFvAqsd40vqq18CWx6gA=="},"keyId":1},"registrationId":225,"advSecretKey":"iRqmAxAhAqoie5AXOc35V4bHARLZHuO0l1A/ydAZ/34=","processedHistoryMessages":[{"key":{"remoteJid":"923319892985@s.whatsapp.net","fromMe":true,"id":"F4072486554A8B0C715EA99F54D3C68A"},"messageTimestamp":1701230057},{"key":{"remoteJid":"923319892985@s.whatsapp.net","fromMe":true,"id":"53ADA92231075E83F07230AB6662D0A3"},"messageTimestamp":1701230057},{"key":{"remoteJid":"923319892985@s.whatsapp.net","fromMe":true,"id":"144F8C223AC94426ACA73216ADA5A3F6"},"messageTimestamp":1701230058},{"key":{"remoteJid":"923319892985@s.whatsapp.net","fromMe":true,"id":"88454236B3F0BBBB6BD18B14BE1B8677"},"messageTimestamp":1701230059}],"nextPreKeyId":31,"firstUnuploadedPreKeyId":31,"accountSyncCounter":1,"accountSettings":{"unarchiveChats":false},"deviceId":"Jn00OAcPTN25_IIAmQUtDw","phoneId":"fcb2ddc7-6d52-4685-8c3d-4d9ef51b29db","identityId":{"type":"Buffer","data":"2owGJkchg+n1dElhzDvsS6MM/bc="},"registered":false,"backupToken":{"type":"Buffer","data":"LTmXqL+XvMdvt/2/sWOPL3ahS0k="},"registration":{},"account":{"details":"CLeSjXQQ5OuaqwYYAQ==","accountSignatureKey":"vpYV3SlIWtt+lbmRtvuPWCxD4cNKfwLoxFyJhNBZiV4=","accountSignature":"Ejkn06hjwFxpUZmMMgOb2rymvR8o7i5Hk3o3gzr8mUBTDwFkBu8+A43yipLPZ3NE0N6mrN7d4g5rr/ELNAO3Ag==","deviceSignature":"Wh63G7tnmNEvpCiagLoWMoHLidx2uaREv5FVnOGYH+Yv5fx5+HPzu/8UMtH2NuyErQJeJ9OH5U+26vENLDloig=="},"me":{"id":"923319892985:10@s.whatsapp.net","name":"Sarwar Shoro"},"signalIdentities":[{"identifier":{"name":"923319892985:10@s.whatsapp.net","deviceId":0},"identifierKey":{"type":"Buffer","data":"Bb6WFd0pSFrbfpW5kbb7j1gsQ+HDSn8C6MRciYTQWYle"}}],"platform":"android","lastAccountSyncTimestamp":1701230055,"myAppStateKeyId":"AAAAAHPd"}